comparison,odds_ratio,p (PSU-clustered),95% CI (design-based),p (design-based),SE ratio (design ÷ clustered),same conclusion at 0.05
Speeding: Yes vs No,2.003131814004332,3.0851446504738357e-14,1.68–2.39,5.998420017912488e-10,0.9519086930848051,Yes
Alcohol: Yes vs No,2.7674990521358414,2.0604227544381545e-48,2.41–3.17,1.5109549946933058e-18,0.96999898518531,Yes
Night vs day/evening,1.4772835425760797,6.986816309695654e-15,1.36–1.60,3.619146549114389e-12,0.8099850739573053,Yes
Weekend vs weekday,1.261148052565258,2.0587132579862353e-27,1.20–1.32,5.692842026364539e-13,1.0604894617530893,Yes
Weather: Cloudy vs Clear,0.9443022399342321,0.1778001829738538,0.87–1.03,0.17826424091130616,0.9843097551574939,Yes
Weather: Rain vs Clear,0.6859415518703803,3.807536284544929e-12,0.61–0.77,4.448866134907127e-08,1.0425146654106177,Yes
Weather: Snow/ice vs Clear,0.41009407598977776,2.616595487882138e-18,0.34–0.50,4.859140705791056e-12,0.9172690341455938,Yes
Weather: Other vs Clear,1.1254648051374054,0.2898290193886861,0.93–1.36,0.22217965925671318,0.8542299113372058,Yes
Rural vs Urban,1.4137233041984367,4.8522181910252894e-05,1.18–1.69,0.0003116578562716201,1.0338427358424271,Yes
Intersection vs non-junction,0.81101406434835,0.00042953791728470746,0.73–0.90,0.0001706527481491608,0.8533450161309959,Yes
Driveway vs non-junction,0.6726737422037986,8.90871872469441e-13,0.60–0.75,1.0160640654712146e-08,1.0052777478767088,Yes
Interchange/ramp vs non-junction,0.8691033771354378,0.04100136482776167,0.75–1.01,0.06263586085415675,1.0684543689968633,No
Other junction vs non-junction,0.6473542105577704,1.068706249116679e-05,0.53–0.79,5.4904578982769885e-05,0.980816492695738,Yes
Interstate: Yes vs No,0.867003738263557,0.013380864178241629,0.77–0.97,0.016061371200539822,0.9859279656085563,Yes
2023 vs 2022,0.948754794259024,0.04860033647391521,0.90–1.01,0.07468851307684303,1.0789343681623789,No
2024 vs 2022,0.9553724322400214,0.23531485609017033,0.88–1.04,0.25714752028490684,1.033078205664137,Yes
