term,odds_ratio,ci_low,ci_high,p_value,comparison,change_in_odds,significant (p<0.05)
C(speeding)[T.Yes],2.003131814004332,1.6743541587326007,2.396468538838622,3.0851446504738357e-14,Speeding: Yes vs No,100.31318140043322,Yes
C(alcohol)[T.Yes],2.7674990521358414,2.414490435576052,3.172119007274293,2.0604227544381545e-48,Alcohol: Yes vs No,176.74990521358413,Yes
C(night)[T.Night],1.4772835425760797,1.3390531957185852,1.6297833963160766,6.986816309695654e-15,Night vs day/evening,47.728354257607975,Yes
C(weekend)[T.Weekend],1.261148052565258,1.2093684220638974,1.31514465027524,2.0587132579862353e-27,Weekend vs weekday,26.11480525652581,Yes
C(weather)[T.Cloudy],0.9443022399342321,0.8687826194592405,1.026386463508946,0.1778001829738538,Weather: Cloudy vs Clear,-5.569776006576788,No
C(weather)[T.Rain],0.6859415518703803,0.6167081055990191,0.762947346257636,3.807536284544929e-12,Weather: Rain vs Clear,-31.40584481296197,Yes
C(weather)[T.Snow/ice],0.41009407598977776,0.33569266169956713,0.500985485683396,2.616595487882138e-18,Weather: Snow/ice vs Clear,-58.99059240102223,Yes
C(weather)[T.Other],1.1254648051374054,0.9042390281501784,1.4008143733789449,0.2898290193886861,Weather: Other vs Clear,12.546480513740544,No
C(urbanicity)[T.Rural],1.4137233041984367,1.1962531265173804,1.6707279893614622,4.8522181910252894e-05,Rural vs Urban,41.37233041984367,Yes
C(junction)[T.Intersection],0.81101406434835,0.7217594311282026,0.911306155768123,0.00042953791728470746,Intersection vs non-junction,-18.898593565165,Yes
C(junction)[T.Driveway],0.6726737422037986,0.6033624457380431,0.7499471779304546,8.90871872469441e-13,Driveway vs non-junction,-32.732625779620136,Yes
C(junction)[T.Interchange/ramp],0.8691033771354378,0.7596858382284258,0.9942803223891395,0.04100136482776167,Interchange/ramp vs non-junction,-13.089662286456216,Yes
C(junction)[T.Other],0.6473542105577704,0.5334196999203984,0.7856242916964093,1.068706249116679e-05,Other junction vs non-junction,-35.264578944222954,Yes
C(interstate)[T.Yes],0.867003738263557,0.7742997098708138,0.9708068756585191,0.013380864178241629,Interstate: Yes vs No,-13.299626173644297,Yes
C(year)[T.2023],0.948754794259024,0.9004266527776341,0.9996768274825568,0.04860033647391521,2023 vs 2022,-5.124520574097602,Yes
C(year)[T.2024],0.9553724322400214,0.8859882253333474,1.0301903097423253,0.23531485609017033,2024 vs 2022,-4.462756775997856,No
